GROUP / Department,Sample TYPE,PANEL,TEST,Short CODE,unit,Result Type,"Normal Range
Lower Limit",Normal Range Upper Limit,"Possible Range
Lower Limit","Possible Range
Upper Limit",,
Haematology,Blood (EDTA),Anaemia Panel,Absolute Eosinphil Count,AEC,cumm,Numeric,100,600,25,30000,,
Haematology,Blood (EDTA),Routine Blood,Absolute Eosinphil Count,AEC,cumm,Numeric,100,600,25,30000,,
Serology,Serum,Biochemistry,AFP,,U/MM,Numeric,0,8,0,12,,
Urine,Urine,Routine Urine,Albumin,U-ALB,NA,Drop-down,Nil;Trace;1+;2+;3+;4+,,"nil, trace, 1+, 2+, 3+, 4+",,,
Biochemistry,Serum,Liver Function Test,ALK. Phosphate,,u/L,Numeric,0,135,0,2000,,
Biochemistry,Serum,Liver Function Test,Amylase,,u/L,Numeric,25,125,10,2000,,
Biochemistry,Serum,Biochemistry,ANA,,od ratio,Numeric,0,1,0,1,,
Serology,Blood (EDTA),Serology,Anti Streptolysin Qualitative,ASO Qualitative,NA,Drop-down,Positive 1:2;Positive 1:4;Positive 1:8;Positive 1:16;Positive 1:32;Negative,,,,,
Serology,Blood (EDTA),Serology,Anti Streptolysin Turbidometry,ASO Turbidometry,iU/ml,Numeric,5,200,,,,
Biochemistry,Serum,APTT,APTT (Control) (Serum),PTTC,sec,Numeric,38,40,20,720,,
Clinical Pathology,Blood (EDTA),Coagulation Factor,APTT (Control) (Blood),PTTC,sec,Numeric,38,40,20,720,,
Biochemistry,Serum,APTT,APTT (Test) (Serum),PTT ,sec,Numeric,38,40,20,720,,
Clinical Pathology,Blood (EDTA),Coagulation Factor,APTT (Test) (Blood),PTT ,sec,Numeric,38,40,20,720,,
Biochemistry,Serum,Biochemistry,B HCG,,U/MM,Numeric,,,,,,
Haematology,Blood (EDTA),Differential Count,Basophil,,%,Numeric,0,1,0,2,,
Urine,Urine,,Bence Jones Protein,,,Drop-down,Positive;Negative,,,,,
Biochemistry,Serum,Biochemistry,Bicarbonate,,me/ql,Numeric,23,29,10,60,,
Haematology,Blood (EDTA),Coagulation Factor,Bleeding Time,BT,sec,Numeric,,,,,,
Haematology,Blood (EDTA),Cross Match,Blood Group (Relative),,,Drop-down,O+;A+;B+;AB+;O-;A-;B-;AB-,,,,,
Biochemistry,Serum,Biochemistry,Blood Urea,,ng/dl,Numeric,20,40,10,1000,,
Biochemistry,Serum,Biochemistry,CA-125,,u/mm,Numeric,5,35,5,200,,
Biochemistry,Serum,Biochemistry,CA19-9,,u/ml,Numeric,0,27,0,,R to N,
Biochemistry,Serum,Electrolyte,Calcium (mmole/l),,mmole/l,Numeric,1,1.2,0.4,3,New,Added in ERP
Biochemistry,Serum,,Calcium(mg/dl),Ca,mg/dl,Numeric,8.4,10.6,2,22,Removed Panel,
Urine,Urine,Urine Microscopy,Cast,,/hPF,Remark,,,,,,
Haematology,Blood (EDTA),,CD4 Test,,,Remark,,,,,,
Biochemistry,Serum,Lipid Profile,Cholesterol,,mg/dl,Numeric,150,200,50,600,,
Haematology,Blood (EDTA),Coagulation Factor,Clotting Time,CT,sec,Numeric,,,,,,
Stool,Stool,,Coccidians,,NA,Remark,,,,,,
Stool,Stool,Stool Microscopy w/o Concetration,Color (w/o concentration),,NA,Remark,,,,,,
Stool,Stool,Stool Microscopy with Concetration,Color (with concentration),Stool Microscopy,NA,Remark,,,,,,
Clinical Pathology,Semen,Semen Analysis,Colour,,,Remark,,,,,,
Biochemistry,Blood (EDTA),Haematology,Coombs Test (Direct),,,Drop-down,Positive;Negative,,,,,
Biochemistry,Blood (EDTA),Haematology,Coombs Test (Indirect),,,Drop-down,Positive;Negative,,,,,
Biochemistry,Serum,Biochemistry,Creatinine,,mg/dl,Numeric,0.6,1.2,0.2,30,,
Biochemistry,Serum,Biochemistry,Creatinine Kinase,,u/L,Numeric,20,115,5,500,,
Serology,Blood (EDTA),Cross Match,Cross Match,,NA,Drop-down,OK;Not OK,,,,,
Urine,Urine,Urine Microscopy,Crystal,,/hPF,Remark,,,,,,
Microbiology,Sputum,,Culture (Sputum),,,Remark,,,,,,
Microbiology,Tissue,,Culture (Tissue),,,Remark,,,,,,
Microbiology,Blood (EDTA),,Culture (Blood),,,Remark,,,,,,
Microbiology,Semen,,Culture (Semen),,,Remark,,,,,,
Microbiology,Body Fluid,Asitic Fluid,Culture (Asitic Fluid),,,Remark,,,,,,
Microbiology,Body Fluid,CSF,Culture (CSF),,,Remark,,,,,,
Microbiology,Body Fluid,Knee Joint Fluid,Culture (Knee Joint Fluid),,,Remark,,,,,,
Microbiology,Body Fluid,Plural Fluid,Culture (Plural Fluid),,,Remark,,,,,,
Microbiology,Body Fluid,Pus,Culture (Pus),,,Remark,,,,,,
Microbiology,Body Fluid,Pyrotinial Fluid,Culture (Pyrotinial Fluid),,,Remark,,,,,,
Histo Pathology,Body Fluid,Asitic Fluid,Cytology (Asitic Fluid),,,Remark,,,,,,
Histo Pathology,Body Fluid,CSF,Cytology (CSF),,,Remark,,,,,,
Histo Pathology,Body Fluid,Knee Joint Fluid,Cytology (Knee Joint Fluid),,,Remark,,,,,,
Histo Pathology,Body Fluid,Plural Fluid,Cytology (Plural Fluid),,,Remark,,,,,,
Histo Pathology,Body Fluid,Pus,Cytology (Pus),,,Remark,,,,,,
Histo Pathology,Body Fluid,Pyrotinial Fluid,Cytology (Pyrotinial Fluid),,,Remark,,,,,,
Serology,Serum,Serology,Dengue (Elisa),,,Drop-down,Positive;Negative,,,,,
Serology,Serum,Serology,Dengue (Rapid),,,Drop-down,Positive;Negative,,,,,
Haematology,Body Fluid,Asitic Fluid,Differential Count (Asitic Fluid),DC,,Remark,,,,,N to R,
Haematology,Body Fluid,CSF,Differential Count (CSF),DC,,Remark,,,,,N to R,
Haematology,Body Fluid,Knee Joint Fluid,Differential Count (Knee Joint Fluid),DC,,Remark,,,,,N to R,
Haematology,Body Fluid,Plural Fluid,Differential Count (Plural Fluid),DC,,Remark,,,,,N to R,
Haematology,Body Fluid,Pyrotinial Fluid,Differential Count (Purotinial Fluid),DC,,Remark,,,,,N to R,
Haematology,Body Fluid,Pus,Differential Count (Pus),DC,,Remark,,,,,N to R,
Biochemistry,Serum,Liver Function Test,Direct Bilirubin,,mg/dl,Numeric,0.3,0.6,0.2,30,,
Haematology,Blood (EDTA),Differential Count,Eosinophil,,%,Numeric,1,6,1,70,,
Urine,Urine,Urine Microscopy,Epithelial Cells,,/hPF,Remark,,,,,,
Haematology,Blood (EDTA),CBC,ESR,,mm/hour,Numeric,5,20,5,180,,
Haematology,Blood (EDTA),,ESR,,mm/hour,Numeric,5,20,5,180,,
Biochemistry,Blood (EDTA),Glucose Tolerance Test (GTT),Fasting Blood Sugar,,mg/dl,Numeric,80,120,10,1000,,
Stool,Stool,,Fat (Semi Quantitative),,NA,Drop-down,Present;Absent,,Present;Absent,,,
Stool,Stool,Stool Microscopy w/o Concetration,Fat Droplets (w/o concentration),,NA,Remark,,,,,,
Stool,Stool,Stool Microscopy with Concetration,Fat Droplets (with concentration),,NA,Remark,,,,,,
Biochemistry,Serum,Biochemistry,FBS,,mg/dl,Numeric,80,120,10,1000,,
Biochemistry,Serum,Biochemistry,Ferittin,,ng/ml,Numeric,20,200,5,500,,
Stool,Stool,Stool Microscopy w/o Concetration,Food Particles (w/o concentration),,NA,Remark,,,,,,
Stool,Stool,Stool Microscopy with Concetration,Food Particles (with concentration),,NA,Remark,,,,,,
Biochemistry,Serum,Biochemistry,FT3,,pg/ml,Numeric,1.7,4.2,0.5,20,,
Biochemistry,Serum,Biochemistry,FT4,,ng/dl,Numeric,0.7,1.8,0,20,,
Biochemistry,Blood (EDTA),Haematology,G6PD,,,Drop-down,Positive;Negative,,,,,
Clinical Pathology,Semen,Semen Analysis,Gram Stain (Semen),,,Remark,,,,,,
Clinical Pathology,Blood (EDTA),,Gram Stain (Blood),,NA,Remark,,,,,,
Clinical Pathology,Urine,,Gram Stain (Urine),,NA,Remark,,,,,,
Clinical Pathology,Stool,,Gram Stain (Stool),,NA,Remark,,,,,,
Clinical Pathology,Sputum,,Gram Stain (Sputum),,NA,Remark,,,,,,
Clinical Pathology,Body Fluid,,Gram Stain (Body Fluid),,NA,Remark,,,,,,
Clinical Pathology,Pus,,Gram Stain (Pus),,NA,Remark,,,,,,
Clinical Pathology,Slit Skin,,Gram Stain (Slit Skin),,NA,Remark,,,,,,
Clinical Pathology,Semen,,Gram Stain (Semen),,NA,Remark,,,,,,
Clinical Pathology,Body Fluid,Asitic Fluid,Gram Stain (Asitic Fluid),,,Remark,,,,,,
Clinical Pathology,Body Fluid,CSF,Gram Stain (CSF),,,Remark,,,,,,
Clinical Pathology,Body Fluid,Knee Joint Fluid,Gram Stain (Knee Joint Fluid),,,Remark,,,,,,
Clinical Pathology,Body Fluid,Plural Fluid,Gram Stain (Plural Fluid),,,Remark,,,,,,
Clinical Pathology,Body Fluid,Pus,Gram Stain (Body Fluid) (Pus),,,Remark,,,,,,
Clinical Pathology,Body Fluid,Pyrotinial Fluid,Gram Stain (Pyrotinial Fluid),,,Remark,,,,,,
Vaginal,Vaginal,Vaginal Panel,Gram Stain (Vaginal),,NA,Remark,,,,,,
Haematology,Blood (EDTA),Anaemia Panel,Haemoglobin,HB,gm/dl,Numeric,11.5,15.5,1.5,24,,
Haematology,Blood (EDTA),CBC,Haemoglobin,HB,gm/dl,Numeric,12,16,1,22,,
Haematology,Blood (EDTA),Cross Match,Haemoglobin,HB,gm/dl,Numeric,11.5,15.5,1.5,24,,
Haematology,Blood (EDTA),,Haemoglobin,HB,gm/dl,Numeric,12,16,1,22,,
Haematology,Blood (EDTA),Cross Match,Haemoglobin (Relative),HB,gm/dl,Numeric,11.5,15.5,1.5,24,,
Haematology,Blood (EDTA),Anaemia Panel,Hb Electrophoresis,,NA,Drop-down,AA;AS;SS,,,,,
Haematology,Blood (EDTA),,Hb Electrophoresis,,NA,Drop-down,AA;AS;SS,,,,,
Biochemistry,Blood (EDTA),,Hb1AC,,%,Numeric,7,8,2,15,,
Serology,Blood (EDTA),Cross Match,HbsAg ELISA,,NA,Drop-down,Positive;Negative,,,,,
Serology,Blood (EDTA),Serology,HbsAg ELISA,,NA,Drop-down,Positive;Negative,,positive / negative,,,
Serology,Blood (EDTA),Cross Match,HbsAg Rapid,,NA,Drop-down,Positive;Negative,,,,,
Serology,Blood (EDTA),Serology,HbsAg Rapid,,NA,Drop-down,Positive;Negative,,positive / negative,,,
Serology,Blood (EDTA),Cross Match,HCV ELISA,,NA,Drop-down,Positive;Negative,,,,,
Serology,Blood (EDTA),Serology,HCV ELISA,,NA,Drop-down,Positive;Negative,,positive / negative,,,
Serology,Blood (EDTA),Cross Match,HCV Tridot,,NA,Drop-down,Positive;Negative,,,,,
Serology,Blood (EDTA),Serology,HCV Tridot,,NA,Drop-down,Positive;Negative,,positive / negative,,,
Biochemistry,Serum,Lipid Profile,HDL,,mg/dl,Numeric,35,60,5,300,,
Serology,Serum,Serology,Hepatitis A (Elisa),,,Drop-down,Positive;Negative,,,,,
Serology,Serum,Serology,Hepatitis A (Rapid),,,Drop-down,Positive;Negative,,,,,
Serology,Serum,Serology,Hepatitis E (Elisa),,,Drop-down,Positive;Negative,,,,,
Serology,Serum,Serology,Hepatitis E (Rapid),,,Drop-down,Positive;Negative,,,,,
Serology,Blood (EDTA),Cross Match,HIV ELISA (Blood),,NA,Drop-down,Positive;Negative,,,,,
Serology,Blood (EDTA),Serology,HIV ELISA (Blood),,NA,Drop-down,Positive;Negative,,positive / negative,,,
Serology,Serum,Serology,HIV ELISA (Serum),,NA,Drop-down,Positive;Negative,,positive / negative,,,
Serology,Blood (EDTA),Cross Match,HIV Tridot,,NA,Drop-down,Positive;Negative,,,,,
Serology,Blood (EDTA),Serology,HIV Tridot,,NA,Drop-down,Positive;Negative,,positive / negative,,,
Biochemistry,Blood (EDTA),Haematology,HPLC,,NA,Remark,,,,,,
Clinical Pathology,Blood (EDTA),Coagulation Factor,INR Ratio (Blood),INR,ratio,Numeric,0.9,1.1,0.5,12,,
Biochemistry,Serum,Prothrombin Time,INR Ratio (Serum),INR,ratio,Numeric,0.9,1.1,0.5,12,,
Biochemistry,Serum,Biochemistry,LDH,,u/L,Numeric,45,90,20,700,,
Biochemistry,Serum,Lipid Profile,LDL,,mg/dl,Numeric,85,130,20,700,,
Urine,Urine,Urine LE/Nitrite,LE (Urine),,NA,Remark,,,,,,
Vaginal,Vaginal,Vaginal Panel,LE (Vaginal),,NA,Drop-down,Positive;Negative,,positive / negative,,,
Biochemistry,Serum,Biochemistry,LH,,Iu/L,Numeric,1,9,0,50,,
Clinical Pathology,Semen,Semen Analysis,Liquification time,,min,Numeric,20,30,,,,
Haematology,Blood (EDTA),Differential Count,Lymphocyte,,%,Numeric,20,40,10,50,,
Biochemistry,Serum,Electrolyte,Magnesium,mg,mg/dl,Numeric,1.3,2.1,0.2,10,,
Serology,Blood (EDTA),Cross Match,Malaria Parasite,,NA,Drop-down,Positive;Negative,,,,,
Haematology,Blood (EDTA),Anaemia Panel,MCH,,per fL,Numeric,28,31,20,50,,
Haematology,Blood (EDTA),Anaemia Panel,MCHC,,g/dl,Numeric,34,36,11,400,R to N,
Haematology,Blood (EDTA),Anaemia Panel,MCV,,per fL,Numeric,75,81,40,130,,
Vaginal,Vaginal,Vaginal Panel,Microscopy of KOH mount,,NA,Drop-down,Present;Absent,,Present;Absent,,,
Vaginal,Vaginal,Vaginal Panel,Microscopy of Saline mount,,NA,Remark,,,,,,
Haematology,Blood (EDTA),Differential Count,Monocyte,,%,Numeric,1,6,1,70,Name changed,done
Clinical Pathology,Montoux Test,,Montoux Test,MT,mm,Drop-down,Positive;Negative,,,,,
Clinical Pathology,Semen,Semen Analysis,Morphology,,,Drop-down,Normal;Abnornal,,,,,
Clinical Pathology,Semen,Semen Analysis,Motility,,,Remark,,,,,,
Urine,Urine,Urine LE/Nitrite,Nitrite,,NA,Remark,,,,,,
Stool,Stool,Stool Microscopy w/o Concetration,Others (Stool w/o concentration),,NA,Remark,,,,,,
Stool,Stool,Stool Microscopy with Concetration,Others (Stool with concentration),,NA,Remark,,,,,,
Urine,Urine,Urine Microscopy,Others (Urine),,/hPF,Remark,,,,,,
Stool,Stool,Stool Microscopy w/o Concetration,Ova/Parasite/Cyst,,NA,Remark,,,,,,
Stool,Stool,Stool Microscopy with Concetration,Ova/Parasite/Cyst,,NA,Remark,,,,,,
Haematology,Blood (EDTA),Anaemia Panel,Packed Cell Volume (PCV),PCV %,%,Numeric,45,55,20,80,,
Haematology,Blood (EDTA),Routine Blood,Packed Cell Volume (PCV),PCV%,%,Numeric,45,55,20,80,,
Biochemistry,Urine,Glucose Tolerance Test (GTT),Parallel Urine Sugar (120 mins),,,Drop-down,Nil;Trace;1+;2+;3+;4+,,,,,
Biochemistry,Urine,Glucose Tolerance Test (GTT),Parallel Urine Sugar (30 mins),,,Drop-down,Nil;Trace;1+;2+;3+;4+,,,,,
Biochemistry,Urine,Glucose Tolerance Test (GTT),Parallel Urine Sugar (60 mins),,,Drop-down,Nil;Trace;1+;2+;3+;4+,,,,,
Biochemistry,Urine,Glucose Tolerance Test (GTT),Parallel Urine Sugar (90 mins),,,Drop-down,Nil;Trace;1+;2+;3+;4+,,,,,
Biochemistry,Urine,Glucose Tolerance Test (GTT),Parallel Urine Sugar (Fasting Blood),,,Drop-down,Nil;Trace;1+;2+;3+;4+,,,,,
Clinical Pathology,Semen,Semen Analysis,Parasite,,per hpf,Drop-down,Present;Absent,,Present;Absent,,,
Haematology,Blood (EDTA),Cross Match,Patient Blood Group,,,Drop-down,O+;A+;B+;AB+;O-;A-;B-;AB-,,,,,
Clinical Pathology,Body Fluid,CSF,Pendy Reagent Test,,,Drop-down,Positive;Negative,,,,,
Stool,Stool,Environment,pH (Stool),,NA,Numeric,6.8,7.2,1,14,,
Urine,Urine,Routine Urine,pH (Urine),,NA,Numeric,6.8,7,0,14,,
Vaginal,Vaginal,Vaginal Panel,pH (Vaginal),,NA,Numeric,1,14,1,14,,
Biochemistry,Serum,Electrolyte,Phosphorous,,mg/dl,Numeric,3,4.5,1,14,,
Haematology,Blood (EDTA),Anaemia Panel,Platelet Count,PLT,cumm,Numeric,100000,300000,5000,1000000,,
Haematology,Blood (EDTA),CBC,Platelet Count,PLT,cumm,Numeric,100000,300000,5000,1000000,,
Haematology,Blood (EDTA),Differential Count,Polymorph,,%,Numeric,40,75,20,80,Name changed,done
Biochemistry,Blood (EDTA),Glucose Tolerance Test (GTT),Post Blood Sugar (120 mins),,mg/dl,Numeric,120,160,10,1000,,
Biochemistry,Blood (EDTA),Glucose Tolerance Test (GTT),Post Blood Sugar (30 mins),,mg/dl,Numeric,,,10,1000,,
Biochemistry,Blood (EDTA),Glucose Tolerance Test (GTT),Post Blood Sugar (60 mins),,mg/dl,Numeric,,,10,1000,,
Biochemistry,Blood (EDTA),Glucose Tolerance Test (GTT),Post Blood Sugar (90 mins),,mg/dl,Numeric,,,10,1000,,
Biochemistry,Serum,Electrolyte,Potassium,,mmole/l,Numeric,3.5,5.1,0.5,12,Unit changed,
Biochemistry,Serum,Biochemistry,PP2BS,,mg/dl,Numeric,120,150,120,1000,,
Biochemistry,Serum,Biochemistry,Prolactin,,nd/ml,Numeric,,,,,,
Biochemistry,Body Fluid,Asitic Fluid,Protein (Asitic Fluid),,mg/dl,Numeric,,,,,,
Biochemistry,Body Fluid,CSF,Protein (CSF),,mg/dl,Numeric,,,,,,
Biochemistry,Body Fluid,Knee Joint Fluid,Protein (Knee Joint Fluid),,mg/dl,Numeric,,,,,,
Biochemistry,Body Fluid,Plural Fluid,Protein (Plural Fluid),,mg/dl,Numeric,,,,,,
Biochemistry,Body Fluid,Pus,Protein (Pus),,mg/dl,Numeric,,,,,,
Biochemistry,Body Fluid,Pyrotinial Fluid,Protein (Pyrotinial Fluid),,mg/dl,Numeric,,,,,,
Clinical Pathology,Blood (EDTA),Coagulation Factor,Prothrombin Time (Control) (Blood),PTC,sec,Numeric,11,16,5,720,,
Clinical Pathology,Blood (EDTA),Liver Function Test,Prothrombin Time (Control) (Blood),PTC,sec,Numeric,11,16,5,720,,
Biochemistry,Serum,Prothrombin Time,Prothrombin Time (Control) (Serum),PTC,sec,Numeric,11,16,5,720,,
Clinical Pathology,Blood (EDTA),Coagulation Factor,Prothrombin Time (Test) (Blood),PT ,sec,Numeric,11,16,5,720,,
Clinical Pathology,Blood (EDTA),Liver Function Test,Prothrombin Time (Test) (Blood),PT ,sec,Numeric,11,16,5,720,,
Biochemistry,Serum,Prothrombin Time,Prothrombin Time (Test) (Serum),PT ,sec,Numeric,11,16,5,720,,
Haematology,Blood (EDTA),,PS for Malaria Parasites,MP,NA,Drop-down,Positive;Negative,,,,,
Haematology,Blood (EDTA),,PS for mf by concentration,MF,NA,Drop-down,Positive;Negative,,,,,
Haematology,Blood (EDTA),Anaemia Panel,PS for RBC Morphology,PS,NA,Drop-down,Iron Deficiency Anaemia;Haemolytic Amaemia;Megaloblastic Anaemia;Haemorrhagic Anaemia;Pancytopenia;Due to Bone Marrow Failure Anaemia;Parasitic Anaemia;Sickle Cell Anaemia,,,,,
Biochemistry,Serum,Biochemistry,PSA,PSA,ng/ml,Numeric,0.1,4,0.1,50,,
Clinical Pathology,Semen,Semen Analysis,Pus Cells (Semen),,/hpf,Numeric,,,,,R to N,
Stool,Stool,Stool Microscopy w/o Concetration,Pus Cells (Stool),,NA,Remark,,,,,,
Stool,Stool,Stool Microscopy with Concetration,Pus Cells (Stool),,NA,Remark,,,,,,
Urine,Urine,Urine Microscopy,Pus Cells (Urine),U-ME,/hPF,Numeric,,,,,R to N,
Stool,Stool,Stool Microscopy w/o Concetration,Quality,,NA,Remark,,,,,,
Stool,Stool,Stool Microscopy with Concetration,Quality,,NA,Remark,,,,,,
Clinical Pathology,Semen,Semen Analysis,RBC (Semen),,per hpf,Numeric,,,,,R to N,
Stool,Stool,Stool Microscopy w/o Concetration,RBC (Stool),,NA,Remark,,,,,,
Stool,Stool,Stool Microscopy with Concetration,RBC (Stool),,NA,Remark,,,,,,
Urine,Urine,Urine Microscopy,RBC (Urine),,/hPF,Numeric,,,,,R to N,
Haematology,Blood (EDTA),Anaemia Panel,RBC Count,,per cumm,Numeric,4500000,5500000,2000000,8000000,,
Haematology,Blood (EDTA),CBC,RBC Count,,per cumm,Numeric,4500000,5500000,2000000,8000000,,
Biochemistry,Serum,Biochemistry,RBS,,mg/dl,Numeric,60,160,10,1000,,
Stool,Stool,Environment,Reducing substance,,NA,Drop-down,Negative;Positive;Positive 1+;Positive 2+;Positive 3+;Positive 4+,,Negative;Positive;Positive 1+;Positive 2+;Positive 3+;Positive 4+,,,
Urine,Urine,,Renal Concentrating Ability,,NA,Remark,,,,,,
Clinical Pathology,Semen,Semen Analysis,Result,,,Drop-down,Normo Spermia;Oligo Spermia;Azo Spermia,,,,,
Haematology,Blood (EDTA),Anaemia Panel,Reticulocyte Count,Retic,%,Numeric,1,3,0.5,30,,
Haematology,Blood (EDTA),Routine Blood,Reticulocyte Count,RETIC,%,Numeric,1.5,3,0.5,30,,
Serology,Blood (EDTA),Serology,Rheumatoid Arthritis - Qualitative,RA Qualitative,NA,Drop-down,Positive 1:2;Positive 1:4;Positive 1:8;Positive 1:16;Positive 1:32;Negative,,,,,
Serology,Blood (EDTA),Serology,Rheumatoid Arthritis - Turbidometry,RA Turbidometry,iU/ml,Numeric,0,20,,,,
Microbiology,Stool,,Routine Microbiology Culture (Stool),Culture,,Remark,,,,,,
Microbiology,Urine,,Routine Microbiology Culture (Urine),Culture,,Remark,,,,,,
Biochemistry,Serum,Liver Function Test,S. Albumin,,gm/dl,Numeric,2.4,5,1.5,10,,
Biochemistry,Serum,Liver Function Test,S. ALT ,,mg/dl,Numeric,5,35,3,2000,,
Biochemistry,Serum,Liver Function Test,S. AST,,u/L,Numeric,5,35,3,3000,,
Biochemistry,Serum,Liver Function Test,S. Protein,,gm/dl,Numeric,6.5,8.5,1.5,15,,
Biochemistry,Serum,Lipid Profile,S. Triglyceride,,mg/dl,Numeric,40,150,20,700,,
Clinical Pathology,Scrapping for Fungus,,Scrapping for Fungus,,,Drop-down,Negative;Positive;Positive 1+;Positive 2+;Positive 3+;Positive 4+,,Negative;Positive;Positive 1+;Positive 2+;Positive 3+;Positive 4+,,,
Haematology,Blood (EDTA),Anaemia Panel,Sickling Test,Sickle,NA,Drop-down,Positive;Negative,,,,,
Haematology,Blood (EDTA),,Sickling Test,Sickle,NA,Drop-down,Positive;Negative,,,,,
Biochemistry,Serum,Electrolyte,Sodium,Na,mmole/l,Numeric,135,145,60,250,Unit changed,
Urine,Urine,Routine Urine,Specific Gravity,,NA,Numeric,1.006,1.026,1,1.05,,
Stool,Stool,,Stool occult blood,,NA,Drop-down,Negative;Positive;Positive 1+;Positive 2+;Positive 3+;Positive 4+,,Negative;Positive;Positive 1+;Positive 2+;Positive 3+;Positive 4+,,,
Biochemistry,Body Fluid,Asitic Fluid,Sugar (Asitic Fluid),,mg/dl,Numeric,,,,,,
Biochemistry,Body Fluid,CSF,Sugar (CSF),,mg/dl,Numeric,,,,,,
Biochemistry,Body Fluid,Knee Joint Fluid,Sugar (Knee Joint Fluid),,mg/dl,Numeric,,,,,,
Biochemistry,Body Fluid,Plural Fluid,Sugar (Plural Fluid),,mg/dl,Numeric,,,,,,
Biochemistry,Body Fluid,Pus,Sugar (Pus),,mg/dl,Numeric,,,,,,
Biochemistry,Body Fluid,Pyrotinial Fluid,Sugar (Pyrotinial Fluid),,mg/dl,Numeric,,,,,,
Urine,Urine,Routine Urine,Sugar (Routine Urine),U-SUG,NA,Drop-down,Nil;Trace;1+;2+;3+;4+,,"nil, trace, 1+, 2+, 3+, 4+",,,
Biochemistry,Serum,Thyroid Function,T3,,ng/dl,Numeric,60,200,10,600,,
Biochemistry,Serum,Thyroid Function,T4,,ug/dl,Numeric,4.5,12,1,50,,
Biochemistry,Serum,Lipid Profile,TC/HDL Ratio,,,Numeric,3.5,3.5,3.5,3.5,,
Biochemistry,Serum,,TORCH (IGG),,,Remark,,,,,,
Biochemistry,Serum,,TORCH (IGM),,,Remark,,,,,,
Biochemistry,Serum,Liver Function Test,Total Bilirubin,,mg/dl,Numeric,0.3,1.2,0.2,50,,
Clinical Pathology,Semen,Semen Analysis,Total Count,TC,million/ ml,Numeric,60,150,,,Unit changed,
Haematology,Body Fluid,Asitic Fluid,Total Leucocyte Count (Asitic Fluid),TC,cumm,Numeric,,,,,,
Haematology,Blood (EDTA),Routine Blood,Total Leucocyte Count (Blood),TC,cumm,Numeric,4500,11000,500,400000,Name changed,Changed in ERP
Haematology,Blood (EDTA),CBC,Total Leucocyte Count (Blood),TC,cumm,Numeric,4500,11000,500,400000,Same as Leukocyte Count (use changed name ^),Deactivated in ERP
Haematology,Body Fluid,CSF,Total Leucocyte Count (CSF),TC,cumm,Numeric,,,,,,
Haematology,Body Fluid,Knee Joint Fluid,Total Leucocyte Count (Knee Joint Fluid),TC,cumm,Numeric,,,,,,
Haematology,Body Fluid,Plural Fluid,Total Leucocyte Count (Plural Fluid),TC,cumm,Numeric,,,,,,
Haematology,Body Fluid,Pus,Total Leucocyte Count (Pus),TC,cumm,Numeric,,,,,,
Haematology,Body Fluid,Pyrotinial Fluid,Total Leucocyte Count (Pyrotinial Fluid),TC,cumm,Numeric,,,,,,
Serology,Blood (EDTA),Serology,Troponin - T,Trop T,NA,Drop-down,Positive;Negative,,,,,
Biochemistry,Serum,Thyroid Function,TSH,,Iu/ml,Numeric,0.3,5.5,0.1,30,,
Biochemistry,Serum,Biochemistry,Urea Nitrogen,,mg/dl,Numeric,40,150,10,1000,,
Biochemistry,Serum,Biochemistry,Uric Acid,,mg/dl,Numeric,3.5,7.2,2,30,,
Urine,Urine,,Urine Bile Pigment,U-BP,NA,Drop-down,Negative;Positive;Positive 1+;Positive 2+;Positive 3+;Positive 4+,,"negative, positive, 1+, 2+, 3+, 4+",,,
Urine,Urine,,Urine Bile Salt,U-BS,NA,Drop-down,Negative;Positive;Positive 1+;Positive 2+;Positive 3+;Positive 4+,,Negative;Positive;Positive 1+;Positive 2+;Positive 3+;Positive 4+,,,
Biochemistry,Urine,Urine Protein Creatinine Ratio,Urine Creatinine,,mg/dl,Numeric,,,,,New,Added in ERP
Urine,Urine,,Urine Ketone,U-ketone bodies,NA,Drop-down,Nil;Trace;1+;2+;3+;4+,,"nil, trace, 1+, 2+, 3+, 4+",,,
Urine,Urine,,Urine Pregnancy Test,UPT,,Drop-down,Positive;Negative,,,,,
Biochemistry,Urine,Urine Protein Creatinine Ratio,Urine Protein,,mg/dl,Numeric,20,120,,,New,Added in ERP
Biochemistry,Urine,Urine Protein Creatinine Ratio,Urine Protein Creatinine Ratio,UPCR,,Numeric,0.2,0.2,,,Added to Panel,Added panel in ERP
Urine,Urine,Urine Microscopy,Vaginal Trichomonas,,/hPF,Remark,,,,,,
Serology,Blood (EDTA),Cross Match,VDRL ELISA,,NA,Drop-down,Positive;Negative,,,,,
Serology,Blood (EDTA),Serology,VDRL ELISA,,NA,Drop-down,Positive;Negative,,positive / negative,,,
Serology,Blood (EDTA),Cross Match,VDRL Rapid,,NA,Drop-down,Positive;Negative,,,,,
Serology,Blood (EDTA),Serology,VDRL Rapid,,NA,Drop-down,Positive;Negative,,positive / negative,,,
Clinical Pathology,Semen,Semen Analysis,Viscoscity ,,,Remark,,,,,,
Biochemistry,Serum,Lipid Profile,VLDL Cholesterol,VLDL,mg/dl,Numeric,5,40,1,60,,
Clinical Pathology,Semen,Semen Analysis,Volume (Semen),,per ml,Numeric,2,3.5,,,,
Vaginal,Vaginal,Vaginal Panel,Whiff test,,NA,Drop-down,Positive;Negative,,positive / negative,,,
Serology,Blood (EDTA),Serology,WIDAL Qualitative,,NA,Drop-down,Positive 1:40;Positive 1:80;Positive 1:160;Positive 1:320;Negative (< 40),,,,,
Urine,Urine,Urine Microscopy,Yeast Cell,,/hPF,Remark,,,,,,
Clinical Pathology,Urine,,ZN Stain (Urine),,NA,Drop-down,Positive 1+;Positive 2+;Positive 3+;Positive 4+;Positive 5+;Positive 6+;Negative,,,,,
Clinical Pathology,Stool,,ZN Stain (Stool),,NA,Drop-down,Positive 1+;Positive 2+;Positive 3+;Positive 4+;Positive 5+;Positive 6+;Negative,,,,,
Clinical Pathology,Sputum,,ZN Stain (Sputum),,NA,Drop-down,Positive 1+;Positive 2+;Positive 3+;Positive 4+;Positive 5+;Positive 6+;Negative,,,,,
Clinical Pathology,Body Fluid,,ZN Stain (Body Fluid),,NA,Drop-down,Positive 1+;Positive 2+;Positive 3+;Positive 4+;Positive 5+;Positive 6+;Negative,,,,,
Clinical Pathology,Pus,,ZN Stain (Pus),,NA,Drop-down,Positive 1+;Positive 2+;Positive 3+;Positive 4+;Positive 5+;Positive 6+;Negative,,,,,
Clinical Pathology,Slit Skin,,ZN Stain (Slit Skin),,NA,Drop-down,Positive 1+;Positive 2+;Positive 3+;Positive 4+;Positive 5+;Positive 6+;Negative,,,,,
Clinical Pathology,Body Fluid,Asitic Fluid,ZN Stain (Asitic Fluid),,,Drop-down,Positive 1+;Positive 2+;Positive 3+;Positive 4+;Positive 5+;Positive 6+;Negative,,,,,
Clinical Pathology,Body Fluid,CSF,ZN Stain (CSF),,,Drop-down,Positive 1+;Positive 2+;Positive 3+;Positive 4+;Positive 5+;Positive 6+;Negative,,,,,
Clinical Pathology,Body Fluid,Knee Joint Fluid,ZN Stain (Knee Joint Fluid),,,Drop-down,Positive 1+;Positive 2+;Positive 3+;Positive 4+;Positive 5+;Positive 6+;Negative,,,,,
Clinical Pathology,Body Fluid,Plural Fluid,ZN Stain (Plural Fluid),,,Drop-down,Positive 1+;Positive 2+;Positive 3+;Positive 4+;Positive 5+;Positive 6+;Negative,,,,,
Clinical Pathology,Body Fluid,Pus,ZN Stain (Body Fluid) (Pus),,,Drop-down,Positive 1+;Positive 2+;Positive 3+;Positive 4+;Positive 5+;Positive 6+;Negative,,,,,
Clinical Pathology,Body Fluid,Pyrotinial Fluid,ZN Stain (Pyrotinial Fluid),,,Drop-down,Positive 1+;Positive 2+;Positive 3+;Positive 4+;Positive 5+;Positive 6+;Negative,,,,,